Year,Rank,GPA,Department
1,1,4,BME
1,1,4,BME
1,1,4,BME
1,1,4,BME
1,1,4,BME
1,1,4,BME
1,1,4,BME
1,1,4,CSE
1,1,4,CSE
1,1,4,CSE
1,1,4,CSE
1,1,4,CSE
1,1,4,CSE
1,1,4,CSE
1,1,4,CSE
1,1,4,CSE
1,1,4,CSE
1,1,4,CSE
1,1,4,CSE
1,1,4,CSE
1,1,4,CSE
1,1,4,CSE
1,1,4,CSE
1,1,4,CSE
1,1,4,CSE
1,1,4,CSE
1,1,4,CSE
1,1,4,CSE
1,1,4,CSE
1,1,4,CSE
1,1,4,CSE
1,1,4,ENTC
1,1,4,ENTC
1,1,4,ENTC
1,1,4,ENTC
1,1,4,ENTC
1,1,4,ENTC
1,1,4,ENTC
1,1,4,ENTC
1,1,4,ENTC
1,1,4,ENTC
1,1,4,ENTC
1,1,4,ENTC
1,1,4,ENTC
1,1,4,ENTC
1,1,4,ENTC
1,1,4,ENTC
1,1,4,ENTC
1,1,4,ENTC
1,1,4,ENTC
1,1,4,ENTC
1,1,4,ENTC
1,1,4,ENTC
1,1,4,ENTC
1,1,4,ENTC
1,1,4,ENTC
1,1,4,ENTC
1,1,4,ENTC
1,1,4,ENTC
1,1,4,ENTC
1,1,4,ME
1,1,4,ME
1,1,4,ME
1,64,3.96,BME
1,64,3.96,BME
1,64,3.96,CE
1,64,3.96,CSE
1,64,3.96,CSE
1,64,3.96,CSE
1,64,3.96,CSE
1,64,3.96,CSE
1,64,3.96,CSE
1,64,3.96,CSE
1,64,3.96,CSE
1,64,3.96,CSE
1,64,3.96,CSE
1,64,3.96,CSE
1,64,3.96,CSE
1,64,3.96,EE
1,64,3.96,ENTC
1,64,3.96,ENTC
1,64,3.96,ENTC
1,64,3.96,ENTC
1,64,3.96,ENTC
1,64,3.96,ENTC
1,64,3.96,ENTC
1,64,3.96,ENTC
1,64,3.96,ENTC
1,64,3.96,ENTC
1,64,3.96,MSE
1,64,3.96,MSE
1,64,3.96,ME
1,93,3.95,BME
1,93,3.95,CSE
1,93,3.95,CSE
1,93,3.95,ENTC
1,97,3.94,BME
1,97,3.94,CE
1,97,3.94,CSE
1,97,3.94,CSE
1,97,3.94,CSE
1,97,3.94,CSE
1,97,3.94,CSE
1,97,3.94,ENTC
1,97,3.94,ENTC
1,97,3.94,ENTC
1,97,3.94,ENTC
1,97,3.94,ENTC
1,97,3.94,ME
1,110,3.93,CE
1,111,3.91,BME
1,111,3.91,CSE
1,111,3.91,ENTC
1,111,3.91,ENTC
1,115,3.9,BME
1,115,3.9,CSE
1,115,3.9,CSE
1,115,3.9,CSE
1,115,3.9,CSE
1,115,3.9,CSE
1,115,3.9,CSE
1,115,3.9,ENTC
1,123,3.89,BME
1,123,3.89,CSE
1,123,3.89,CSE
1,123,3.89,CSE
1,123,3.89,CSE
1,123,3.89,CSE
1,123,3.89,ENTC
1,123,3.89,ENTC
1,123,3.89,ENTC
1,123,3.89,ENTC
1,123,3.89,ENTC
1,123,3.89,ENTC
1,123,3.89,ENTC
1,123,3.89,ENTC
1,123,3.89,ENTC
1,123,3.89,ME
1,139,3.88,CSE
1,139,3.88,CSE
1,141,3.88,CSE
1,142,3.87,ENTC
1,143,3.86,BME
1,143,3.86,CSE
1,143,3.86,CSE
1,143,3.86,CSE
1,143,3.86,ENTC
1,143,3.86,ENTC
1,149,3.85,CE
1,149,3.85,CSE
1,149,3.85,CSE
1,149,3.85,ENTC
1,149,3.85,ENTC
1,149,3.85,ENTC
1,149,3.85,ENTC
1,149,3.85,ENTC
1,149,3.85,ME
1,149,3.85,ME
1,159,3.84,CSE
1,159,3.84,CSE
1,159,3.84,CSE
1,159,3.84,CSE
1,159,3.84,CSE
1,159,3.84,EE
1,159,3.84,ENTC
1,159,3.84,ENTC
1,159,3.84,ENTC
1,159,3.84,ENTC
1,169,3.81,CSE
1,169,3.81,CSE
1,171,3.81,CSE
1,171,3.81,ENTC
1,171,3.81,ENTC
1,171,3.81,ENTC
1,171,3.81,ENTC
1,176,3.79,CSE
1,176,3.79,CSE
1,182,3.79,CSE
1,176,3.79,EE
1,176,3.79,ENTC
1,176,3.79,ENTC
1,176,3.79,ME
1,183,3.78,ENTC
1,184,3.77,CSE
1,186,3.77,CSE
1,186,3.77,CSE
1,186,3.77,CSE
1,184,3.77,ENTC
1,186,3.77,ENTC
1,195,3.76,CHEM
1,190,3.76,CSE
1,190,3.76,CSE
1,190,3.76,CSE
1,195,3.76,CSE
1,190,3.76,ENTC
1,190,3.76,ENTC
1,195,3.76,ME
1,198,3.75,CSE
1,198,3.75,CSE
1,198,3.75,CSE
1,198,3.75,CSE
1,198,3.75,CSE
1,198,3.75,EE
1,198,3.75,EE
1,198,3.75,ENTC
1,198,3.75,ENTC
1,198,3.75,ENTC
1,198,3.75,ENTC
1,198,3.75,ENTC
1,198,3.75,ME
1,211,3.74,CE
1,211,3.74,CE
1,211,3.74,ENTC
1,211,3.74,ENTC
1,211,3.74,ENTC
1,211,3.74,ENTC
1,217,3.73,CSE
1,218,3.72,CSE
1,219,3.72,ENTC
1,222,3.71,CE
1,222,3.71,CE
1,222,3.71,CSE
1,222,3.71,CSE
1,222,3.71,CSE
1,222,3.71,CSE
1,222,3.71,CSE
1,222,3.71,CSE
1,222,3.71,CSE
1,222,3.71,EE
1,220,3.71,ENTC
1,220,3.71,ENTC
1,232,3.7,CSE
1,232,3.7,EE
1,232,3.7,ENTC
1,232,3.7,ENTC
1,232,3.7,ENTC
1,238,3.69,CE
1,237,3.69,CSE
1,238,3.69,ME
1,238,3.69,ME
1,241,3.68,EE
1,241,3.68,ENTC
1,243,3.67,CSE
1,244,3.66,CHEM
1,244,3.66,CSE
1,244,3.66,CSE
1,244,3.66,CSE
1,244,3.66,CSE
1,254,3.66,CSE
1,244,3.66,ENTC
1,244,3.66,ENTC
1,244,3.66,ENTC
1,244,3.66,ENTC
1,244,3.66,ME
1,255,3.65,CSE
1,255,3.65,CSE
1,255,3.65,CSE
1,255,3.65,CSE
1,255,3.65,CSE
1,255,3.65,EE
1,255,3.65,ME
1,262,3.64,CSE
1,262,3.64,CSE
1,262,3.64,CSE
1,262,3.64,CSE
1,262,3.64,CSE
1,262,3.64,CSE
1,262,3.64,EE
1,262,3.64,EE
1,262,3.64,EE
1,262,3.64,ME
1,272,3.64,ME
1,273,3.63,CSE
1,274,3.63,CSE
1,275,3.62,CSE
1,276,3.62,CSE
1,276,3.62,CSE
1,276,3.62,CSE
1,279,3.61,CE
1,281,3.61,CSE
1,282,3.61,CSE
1,282,3.61,CSE
1,282,3.61,CSE
1,282,3.61,CSE
1,282,3.61,CSE
1,279,3.61,MSE
1,282,3.61,ME
1,282,3.61,ME
1,289,3.6,CHEM
1,289,3.6,CE
1,289,3.6,CSE
1,289,3.6,CSE
1,289,3.6,CSE
1,289,3.6,CSE
1,289,3.6,CSE
1,289,3.6,EE
1,289,3.6,ME
1,298,3.59,CE
1,298,3.59,CE
1,300,3.59,CSE
1,300,3.59,EE
1,302,3.58,CHEM
1,302,3.58,CE
1,309,3.58,CE
1,302,3.58,CSE
1,302,3.58,CSE
1,302,3.58,CSE
1,302,3.58,EE
1,302,3.58,EE
1,310,3.57,CSE
1,311,3.56,CSE
1,311,3.56,CSE
1,311,3.56,CSE
1,311,3.56,CSE
1,317,3.56,CSE
1,311,3.56,ME
1,311,3.56,ME
1,317,3.56,ME
1,323,3.55,CE
1,319,3.55,CSE
1,319,3.55,CSE
1,319,3.55,CSE
1,319,3.55,CSE
1,324,3.54,CSE
1,324,3.54,CSE
1,327,3.54,CSE
1,328,3.54,CSE
1,328,3.54,CSE
1,328,3.54,CSE
1,328,3.54,EE
1,324,3.54,ME
1,332,3.53,CSE
1,334,3.52,CE
1,333,3.52,CSE
1,334,3.52,CSE
1,334,3.52,CSE
1,334,3.52,CSE
1,334,3.52,CSE
1,334,3.52,CSE
1,342,3.51,CE
1,340,3.51,CSE
1,340,3.51,CSE
1,342,3.51,CSE
1,342,3.51,ME
1,345,3.5,CSE
1,345,3.5,CSE
1,345,3.5,CSE
1,345,3.5,CSE
1,345,3.5,EE
1,345,3.5,EE
1,351,3.49,CE
1,351,3.49,CSE
1,351,3.49,CSE
1,351,3.49,EE
1,356,3.49,EE
1,355,3.49,ME
1,357,3.47,CSE
1,358,3.47,CSE
1,360,3.46,CE
1,359,3.46,CSE
1,360,3.46,CSE
1,360,3.46,CSE
1,360,3.46,EE
1,364,3.45,CSE
1,364,3.45,EE
1,368,3.44,CE
1,366,3.44,CSE
1,368,3.44,CSE
1,368,3.44,CSE
1,368,3.44,CSE
1,368,3.44,CSE
1,366,3.44,EE
1,368,3.44,EE
1,368,3.44,ME
1,375,3.43,CSE
1,375,3.43,CSE
1,377,3.43,CSE
1,378,3.41,CSE
1,378,3.41,CSE
1,380,3.41,CSE
1,380,3.41,CSE
1,382,3.41,CSE
1,383,3.41,CSE
1,383,3.41,CSE
1,385,3.41,CSE
1,385,3.41,CSE
1,385,3.41,EE
1,385,3.41,ME
1,389,3.4,CSE
1,390,3.39,CE
1,390,3.39,CSE
1,390,3.39,CSE
1,390,3.39,CSE
1,390,3.39,CSE
1,390,3.39,CSE
1,390,3.39,EE
1,398,3.38,CSE
1,398,3.38,CSE
1,397,3.38,EE
1,401,3.37,CSE
1,400,3.37,EE
1,402,3.37,EE
1,403,3.36,EE
1,403,3.36,ME
1,405,3.35,EE
1,405,3.35,ME
1,408,3.34,CHEM
1,410,3.34,CE
1,407,3.34,EE
1,408,3.34,EE
1,410,3.34,EE
1,412,3.33,CE
1,412,3.33,EE
1,412,3.33,EE
1,415,3.32,CE
1,418,3.31,CHEM
1,418,3.31,CHEM
1,416,3.31,EE
1,416,3.31,EE
1,418,3.31,EE
1,421,3.3,EE
1,421,3.3,EE
1,421,3.3,ME
1,424,3.29,CE
1,427,3.29,CE
1,424,3.29,EE
1,427,3.29,EE
1,427,3.29,EE
1,430,3.29,EE
1,424,3.29,MSE
1,431,3.28,EE
1,432,3.28,EE
1,432,3.28,ME
1,435,3.27,CE
1,434,3.27,EE
1,437,3.27,EE
1,435,3.27,ME
1,438,3.26,EE
1,439,3.25,EE
1,439,3.25,EE
1,439,3.25,EE
1,439,3.25,EE
1,439,3.25,ME
1,444,3.24,EE
1,445,3.24,EE
1,447,3.24,EE
1,445,3.24,ME
1,448,3.23,CE
1,448,3.23,EE
1,448,3.23,EE
1,448,3.23,EE
1,448,3.23,EE
1,453,3.23,EE
1,453,3.23,EE
1,456,3.22,CE
1,455,3.22,EE
1,457,3.21,CHEM
1,457,3.21,CE
1,459,3.21,CE
1,460,3.21,EE
1,461,3.2,EE
1,463,3.2,EE
1,463,3.2,EE
1,461,3.2,ME
1,467,3.19,CE
1,467,3.19,EE
1,467,3.19,EE
1,465,3.19,ME
1,466,3.19,ME
1,470,3.18,CE
1,471,3.17,CE
1,471,3.17,CE
1,471,3.17,CE
1,474,3.17,EE
1,474,3.17,EE
1,474,3.17,ME
1,477,3.16,EE
1,478,3.16,EE
1,479,3.15,CE
1,480,3.14,CHEM
1,480,3.14,CE
1,485,3.14,CE
1,480,3.14,EE
1,480,3.14,EE
1,485,3.14,EE
1,480,3.14,MSE
1,487,3.13,EE
1,488,3.13,EE
1,489,3.13,EE
1,490,3.12,EE
1,492,3.11,CHEM
1,491,3.11,EE
1,492,3.11,EE
1,494,3.11,EE
1,494,3.11,EE
1,494,3.11,EE
1,497,3.1,CHEM
1,497,3.1,EE
1,500,3.09,CE
1,501,3.09,CE
1,501,3.09,EE
1,501,3.09,EE
1,499,3.09,ME
1,501,3.09,ME
1,505,3.08,EE
1,505,3.08,EE
1,505,3.08,ME
1,508,3.07,CE
1,508,3.07,CE
1,511,3.06,CE
1,513,3.06,CE
1,511,3.06,EE
1,510,3.06,ME
1,514,3.05,EE
1,514,3.05,EE
1,514,3.05,ME
1,519,3.04,CHEM
1,517,3.04,EE
1,517,3.04,EE
1,519,3.04,EE
1,519,3.04,EE
1,522,3.03,CE
1,523,3.03,MSE
1,524,3.02,CE
1,525,3.01,CE
1,526,3.01,CE
1,529,3.01,CE
1,529,3.01,CE
1,529,3.01,CE
1,526,3.01,ME
1,528,3.01,ME
1,532,3.01,ME
1,533,3,CE
1,533,3,CE
1,533,3,ME
1,536,2.99,CE
1,538,2.99,CE
1,536,2.99,ME
1,539,2.97,CHEM
1,539,2.97,CHEM
1,539,2.97,CE
1,539,2.97,CE
1,539,2.97,CE
1,544,2.97,CE
1,545,2.96,CHEM
1,545,2.96,CE
1,545,2.96,CE
1,548,2.96,CE
1,548,2.96,MSE
1,551,2.95,CE
1,551,2.95,CE
1,551,2.95,CE
1,550,2.95,ME
1,554,2.94,CE
1,555,2.94,CE
1,555,2.94,CE
1,558,2.93,CHEM
1,558,2.93,CE
1,560,2.93,CE
1,560,2.93,CE
1,557,2.93,ME
1,562,2.92,CE
1,562,2.92,CE
1,562,2.92,CE
1,566,2.91,CE
1,566,2.91,CE
1,568,2.91,EE
1,565,2.91,MSE
1,569,2.9,CE
1,569,2.9,MSE
1,569,2.9,ME
1,572,2.89,CE
1,572,2.89,CE
1,575,2.89,CE
1,572,2.89,ME
1,575,2.89,ME
1,577,2.88,ME
1,578,2.88,ME
1,579,2.87,CHEM
1,579,2.87,MSE
1,581,2.86,CE
1,581,2.86,ME
1,583,2.86,ME
1,584,2.84,CE
1,584,2.84,ME
1,586,2.84,ME
1,587,2.83,CE
1,588,2.82,CE
1,588,2.82,CE
1,588,2.82,ME
1,588,2.82,ME
1,592,2.82,ME
1,594,2.81,CHEM
1,593,2.81,CE
1,594,2.81,CE
1,596,2.8,CHEM
1,596,2.8,CE
1,596,2.8,ME
1,596,2.8,ME
1,600,2.79,CHEM
1,603,2.79,CE
1,601,2.79,ME
1,602,2.79,ME
1,604,2.78,CE
1,604,2.78,CE
1,607,2.76,CE
1,608,2.76,CE
1,606,2.76,ME
1,608,2.76,ME
1,610,2.75,CHEM
1,610,2.75,CE
1,610,2.75,ME
1,610,2.75,ME
1,610,2.75,ME
1,615,2.74,CE
1,616,2.74,MSE
1,617,2.73,MSE
1,617,2.73,ME
1,619,2.72,MSE
1,620,2.71,CE
1,620,2.71,CE
1,623,2.71,CE
1,620,2.71,ME
1,623,2.71,ME
1,623,2.71,ME
1,627,2.7,CHEM
1,627,2.7,CHEM
1,626,2.7,CE
1,627,2.7,ME
1,631,2.69,CE
1,631,2.69,CE
1,630,2.69,MSE
1,633,2.68,CHEM
1,633,2.68,CHEM
1,635,2.66,CE
1,636,2.66,CE
1,637,2.65,CHEM
1,640,2.65,CE
1,637,2.65,ME
1,637,2.65,ME
1,641,2.64,CHEM
1,641,2.64,CE
1,641,2.64,CE
1,646,2.64,CE
1,646,2.64,CE
1,646,2.64,CE
1,641,2.64,MSE
1,641,2.64,ME
1,649,2.62,CE
1,649,2.62,MSE
1,651,2.62,ME
1,653,2.61,CE
1,653,2.61,CE
1,652,2.61,MSE
1,655,2.59,CE
1,656,2.59,CE
1,657,2.59,CE
1,658,2.58,CHEM
1,658,2.58,MSE
1,660,2.57,CE
1,662,2.56,CHEM
1,664,2.56,CE
1,664,2.56,CE
1,661,2.56,ME
1,662,2.56,ME
1,666,2.54,CHEM
1,666,2.54,CE
1,669,2.52,CE
1,668,2.52,ME
1,670,2.51,CHEM
1,670,2.51,CE
1,672,2.51,MSE
1,672,2.51,ME
1,674,2.5,CHEM
1,674,2.5,MSE
1,674,2.5,ME
1,674,2.5,ME
1,678,2.49,CHEM
1,679,2.49,ME
1,680,2.48,ME
1,682,2.46,CE
1,683,2.46,MSE
1,683,2.46,MSE
1,681,2.46,ME
1,683,2.46,ME
1,686,2.45,CHEM
1,687,2.42,CHEM
1,687,2.42,ME
1,689,2.42,ME
1,689,2.42,ME
1,691,2.41,MSE
1,692,2.41,ME
1,693,2.39,ME
1,694,2.38,ME
1,695,2.37,CHEM
1,696,2.36,ME
1,697,2.35,ME
1,698,2.35,ME
1,699,2.34,CHEM
1,700,2.31,CHEM
1,700,2.31,ME
1,702,2.3,MSE
1,703,2.3,MSE
1,704,2.29,ME
1,704,2.29,ME
1,706,2.25,MSE
1,706,2.25,ME
1,709,2.24,MSE
1,708,2.24,ME
1,709,2.24,ME
1,711,2.22,CHEM
1,712,2.19,ME
1,713,2.17,ME
1,713,2.17,ME
1,715,2.16,MSE
1,716,2.15,CHEM
1,718,2.14,CHEM
1,718,2.14,CHEM
1,717,2.14,ME
1,720,2.11,ME
1,721,2.09,ME
1,722,2.04,ME
1,723,2.03,CHEM
1,723,2.03,ME
1,725,2.01,MSE
1,725,2.01,ME
1,727,2,CHEM
1,728,1.98,MSE
1,729,1.97,ME
1,730,1.96,ME
1,731,1.95,ME
1,732,1.94,ME
1,733,1.94,ME
1,734,1.91,CHEM
1,735,1.9,MSE
1,736,1.89,CHEM
1,737,1.88,CHEM
1,738,1.85,MSE
2,4,1,BME
2,4,1,BME
2,4,1,BME
2,4,1,BME
2,4,1,BME
2,4,1,ENTC
2,4,1,ENTC
2,4,1,ENTC
2,4,1,ENTC
2,4,1,ENTC
2,4,1,ENTC
2,4,1,ENTC
2,4,1,ENTC
2,4,1,ENTC
2,4,1,ENTC
2,4,1,ENTC
2,4,1,ENTC
2,4,1,ENTC
2,4,1,ENTC
2,4,1,CSE
2,4,1,CSE
2,4,1,CSE
2,4,1,CSE
2,4,1,CSE
2,4,1,CSE
2,4,1,CSE
2,4,1,CSE
2,4,1,CSE
2,4,1,CSE
2,4,1,CSE
2,4,1,CSE
2,4,1,CSE
2,4,1,CSE
2,4,1,CSE
2,4,1,CSE
2,4,1,CSE
2,4,1,CSE
2,4,1,CSE
2,4,1,CSE
2,4,1,ME
2,4,1,ME
2,4,1,ME
2,3.96,42,ENTC
2,3.96,42,ENTC
2,3.96,42,ENTC
2,3.96,42,ENTC
2,3.96,42,CSE
2,3.96,42,CSE
2,3.96,42,CSE
2,3.94,49,BME
2,3.94,49,BME
2,3.94,49,ENTC
2,3.94,49,ENTC
2,3.94,49,ENTC
2,3.94,49,ENTC
2,3.94,49,ENTC
2,3.94,49,ENTC
2,3.94,49,ENTC
2,3.94,49,ENTC
2,3.94,49,ENTC
2,3.94,49,CSE
2,3.94,49,CSE
2,3.94,49,CSE
2,3.94,49,CSE
2,3.94,49,CSE
2,3.94,49,ME
2,3.9,66,CSE
2,3.89,67,BME
2,3.89,67,ENTC
2,3.89,67,ENTC
2,3.89,67,ENTC
2,3.89,67,ENTC
2,3.89,67,CSE
2,3.89,67,CSE
2,3.89,67,CSE
2,3.87,75,ENTC
2,3.87,75,ENTC
2,3.87,75,ENTC
2,3.87,75,ENTC
2,3.87,75,ENTC
2,3.87,75,CSE
2,3.87,75,CSE
2,3.87,75,CSE
2,3.87,75,CSE
2,3.86,84,ENTC
2,3.85,85,ENTC
2,3.85,85,ENTC
2,3.85,85,ENTC
2,3.85,85,ENTC
2,3.85,85,ENTC
2,3.85,85,ENTC
2,3.85,85,ENTC
2,3.85,85,ENTC
2,3.85,85,ENTC
2,3.85,85,ENTC
2,3.85,85,ENTC
2,3.85,85,ENTC
2,3.85,85,CSE
2,3.85,85,CSE
2,3.85,85,CSE
2,3.85,85,CSE
2,3.85,85,CSE
2,3.85,85,CSE
2,3.85,85,CSE
2,3.85,85,CSE
2,3.85,85,CSE
2,3.85,85,CSE
2,3.85,85,CSE
2,3.84,108,ENTC
2,3.84,108,CSE
2,3.83,110,BME
2,3.83,110,ENTC
2,3.83,110,ENTC
2,3.81,113,BME
2,3.81,113,ENTC
2,3.81,113,ENTC
2,3.81,113,ENTC
2,3.81,113,ENTC
2,3.81,113,ENTC
2,3.81,113,ENTC
2,3.81,113,CSE
2,3.81,113,CSE
2,3.81,113,CSE
2,3.81,113,ME
2,3.81,113,MSE
2,3.79,125,ENTC
2,3.79,125,ENTC
2,3.79,125,ENTC
2,3.79,128,BME
2,3.79,128,ENTC
2,3.79,128,ENTC
2,3.79,128,ENTC
2,3.79,128,ENTC
2,3.79,128,ENTC
2,3.79,128,ENTC
2,3.79,128,ENTC
2,3.79,128,ENTC
2,3.79,128,ENTC
2,3.79,128,ENTC
2,3.79,128,ENTC
2,3.79,128,ENTC
2,3.79,128,ENTC
2,3.79,128,ENTC
2,3.79,128,ENTC
2,3.79,128,ENTC
2,3.79,128,ENTC
2,3.79,128,ENTC
2,3.79,128,ENTC
2,3.79,128,CSE
2,3.79,128,CSE
2,3.79,128,CSE
2,3.79,128,CSE
2,3.79,128,CSE
2,3.79,128,CSE
2,3.79,128,CSE
2,3.79,128,CSE
2,3.79,128,CSE
2,3.79,128,CSE
2,3.79,128,CSE
2,3.79,128,CSE
2,3.79,128,CHEM
2,3.77,161,CSE
2,3.77,161,CSE
2,3.76,163,CSE
2,3.76,164,ENTC
2,3.75,165,ENTC
2,3.75,165,ENTC
2,3.75,165,ENTC
2,3.75,165,CSE
2,3.75,165,CSE
2,3.75,165,EE
2,3.74,171,ENTC
2,3.74,171,ENTC
2,3.74,171,ENTC
2,3.74,171,ENTC
2,3.74,171,ENTC
2,3.74,171,ENTC
2,3.74,171,ENTC
2,3.74,171,ENTC
2,3.74,171,ENTC
2,3.74,171,ENTC
2,3.74,171,CSE
2,3.74,171,CSE
2,3.74,171,CSE
2,3.74,171,CSE
2,3.74,171,CSE
2,3.74,171,EE
2,3.74,171,EE
2,3.74,171,CE
2,3.72,189,ENTC
2,3.72,189,ENTC
2,3.72,189,ENTC
2,3.72,189,ENTC
2,3.72,189,ENTC
2,3.72,189,CSE
2,3.72,189,CSE
2,3.72,189,CSE
2,3.72,189,CSE
2,3.72,189,CSE
2,3.72,189,CSE
2,3.72,189,ME
2,3.71,201,CSE
2,3.71,201,CSE
2,3.71,201,CSE
2,3.7,204,BME
2,3.7,204,CSE
2,3.7,204,CSE
2,3.7,204,CSE
2,3.7,204,CSE
2,3.7,204,CSE
2,3.69,210,BME
2,3.69,210,BME
2,3.69,210,BME
2,3.69,210,CSE
2,3.69,210,CSE
2,3.69,210,CSE
2,3.69,210,EE
2,3.69,210,EE
2,3.69,210,ME
2,3.68,219,CSE
2,3.68,219,CSE
2,3.68,219,CSE
2,3.68,219,CSE
2,3.68,219,CSE
2,3.68,219,CSE
2,3.68,219,CSE
2,3.68,219,CSE
2,3.68,219,CSE
2,3.68,219,CSE
2,3.68,219,EE
2,3.68,219,ME
2,3.68,219,ME
2,3.66,232,CSE
2,3.66,233,CSE
2,3.66,233,CSE
2,3.66,233,CSE
2,3.66,233,ME
2,3.66,237,CSE
2,3.66,237,CSE
2,3.66,237,CSE
2,3.66,237,CSE
2,3.66,237,CSE
2,3.66,237,EE
2,3.66,237,ME
2,3.65,244,CSE
2,3.64,245,CSE
2,3.64,245,CSE
2,3.64,245,CSE
2,3.64,245,CSE
2,3.64,245,CSE
2,3.64,245,CSE
2,3.64,245,CSE
2,3.64,245,CSE
2,3.64,245,EE
2,3.64,245,EE
2,3.64,245,ME
2,3.64,256,CSE
2,3.64,256,CSE
2,3.64,256,CSE
2,3.64,256,CSE
2,3.64,256,CSE
2,3.64,256,CSE
2,3.64,256,CSE
2,3.64,256,CSE
2,3.64,256,CSE
2,3.63,265,CSE
2,3.62,266,CSE
2,3.62,266,CSE
2,3.62,266,CSE
2,3.62,266,CSE
2,3.62,266,CSE
2,3.62,266,EE
2,3.62,266,ME
2,3.61,273,CSE
2,3.61,273,CSE
2,3.61,273,CHEM
2,3.61,276,CSE
2,3.61,276,CSE
2,3.61,278,CSE
2,3.61,278,CSE
2,3.61,278,CSE
2,3.6,281,CSE
2,3.6,281,EE
2,3.59,283,CSE
2,3.59,283,CSE
2,3.59,283,CSE
2,3.59,283,CSE
2,3.59,283,CSE
2,3.59,283,CSE
2,3.59,283,EE
2,3.59,283,EE
2,3.59,283,CE
2,3.59,283,CHEM
2,3.59,293,EE
2,3.58,294,CSE
2,3.58,294,CSE
2,3.58,294,CSE
2,3.58,294,CSE
2,3.57,298,CSE
2,3.57,298,CSE
2,3.57,298,CSE
2,3.57,298,CSE
2,3.57,298,CSE
2,3.57,298,CSE
2,3.57,298,EE
2,3.57,298,EE
2,3.57,298,EE
2,3.56,307,CSE
2,3.56,307,CSE
2,3.56,307,ME
2,3.56,310,CSE
2,3.56,310,CSE
2,3.56,310,CSE
2,3.56,310,CSE
2,3.56,310,EE
2,3.55,315,CSE
2,3.55,315,CSE
2,3.55,315,CSE
2,3.55,315,EE
2,3.54,319,CSE
2,3.54,319,CSE
2,3.54,319,CSE
2,3.54,319,ME
2,3.54,323,CSE
2,3.54,323,CSE
2,3.54,323,CSE
2,3.54,323,CSE
2,3.54,323,CE
2,3.54,323,CHEM
2,3.53,329,CSE
2,3.53,329,CSE
2,3.53,329,CSE
2,3.53,329,CSE
2,3.53,329,CSE
2,3.53,329,CSE
2,3.53,329,CSE
2,3.51,336,EE
2,3.51,337,CSE
2,3.51,337,EE
2,3.51,337,CHEM
2,3.51,340,CSE
2,3.51,340,EE
2,3.5,342,CSE
2,3.5,342,CSE
2,3.5,342,CSE
2,3.49,345,CSE
2,3.49,345,CSE
2,3.49,345,CSE
2,3.49,345,CSE
2,3.49,345,EE
2,3.49,345,CE
2,3.49,351,CSE
2,3.49,351,CSE
2,3.49,351,EE
2,3.49,351,EE
2,3.48,355,CSE
2,3.48,355,CSE
2,3.48,355,CHEM
2,3.47,358,CSE
2,3.47,358,CSE
2,3.47,358,CSE
2,3.47,358,EE
2,3.47,358,EE
2,3.47,358,ME
2,3.47,358,ME
2,3.47,358,ME
2,3.47,366,CE
2,3.46,367,EE
2,3.46,367,EE
2,3.46,369,EE
2,3.46,370,EE
2,3.46,371,EE
2,3.45,372,EE
2,3.45,372,EE
2,3.45,372,EE
2,3.45,372,EE
2,3.45,372,EE
2,3.45,372,EE
2,3.45,372,EE
2,3.45,372,ME
2,3.45,372,CHEM
2,3.44,381,EE
2,3.44,381,EE
2,3.44,381,ME
2,3.44,381,CHEM
2,3.44,385,EE
2,3.44,385,EE
2,3.44,385,EE
2,3.44,385,EE
2,3.44,385,EE
2,3.43,390,CSE
2,3.43,390,EE
2,3.43,390,EE
2,3.43,390,EE
2,3.43,390,EE
2,3.43,390,EE
2,3.43,390,EE
2,3.43,390,ME
2,3.43,390,CHEM
2,3.43,399,EE
2,3.42,400,EE
2,3.42,400,EE
2,3.42,400,EE
2,3.42,400,EE
2,3.41,404,CSE
2,3.41,404,EE
2,3.41,404,EE
2,3.41,407,EE
2,3.41,408,CHEM
2,3.4,409,EE
2,3.4,409,ME
2,3.4,411,EE
2,3.4,411,CHEM
2,3.39,413,EE
2,3.39,413,EE
2,3.39,413,EE
2,3.39,413,EE
2,3.39,413,ME
2,3.39,418,EE
2,3.39,418,EE
2,3.39,418,EE
2,3.39,418,EE
2,3.39,418,EE
2,3.39,418,EE
2,3.39,418,CHEM
2,3.39,418,CHEM
2,3.38,426,EE
2,3.38,427,EE
2,3.38,427,EE
2,3.37,429,EE
2,3.37,429,EE
2,3.37,429,EE
2,3.37,429,EE
2,3.37,429,EE
2,3.37,429,ME
2,3.37,435,EE
2,3.36,436,EE
2,3.36,436,EE
2,3.36,436,EE
2,3.36,436,CHEM
2,3.36,440,EE
2,3.35,441,EE
2,3.35,441,EE
2,3.35,441,EE
2,3.34,444,CHEM
2,3.34,445,ME
2,3.34,445,ME
2,3.34,445,ME
2,3.34,445,CE
2,3.33,449,ME
2,3.33,449,ME
2,3.33,449,CE
2,3.33,449,CHEM
2,3.33,449,CHEM
2,3.32,454,ME
2,3.32,454,CHEM
2,3.32,454,MSE
2,3.31,457,ME
2,3.31,458,CE
2,3.31,459,ME
2,3.31,459,CE
2,3.31,459,MSE
2,3.3,462,ME
2,3.3,463,ME
2,3.3,463,ME
2,3.3,463,MSE
2,3.3,463,MSE
2,3.29,467,ME
2,3.29,467,ME
2,3.29,469,ME
2,3.29,469,CHEM
2,3.29,471,ME
2,3.29,471,ME
2,3.29,471,ME
2,3.29,471,CE
2,3.29,471,CHEM
2,3.29,471,CHEM
2,3.29,471,MSE
2,3.28,478,ME
2,3.28,478,ME
2,3.28,478,CE
2,3.27,481,CHEM
2,3.27,481,MSE
2,3.27,483,CHEM
2,3.26,484,ME
2,3.26,484,ME
2,3.26,484,CHEM
2,3.26,487,CE
2,3.26,488,ME
2,3.26,488,CE
2,3.26,490,ME
2,3.26,490,ME
2,3.25,492,CE
2,3.25,492,CHEM
2,3.25,492,CHEM
2,3.24,495,ME
2,3.24,495,ME
2,3.24,495,CE
2,3.24,495,CHEM
2,3.24,499,CE
2,3.23,500,ME
2,3.23,500,ME
2,3.23,500,MSE
2,3.22,503,ME
2,3.22,503,ME
2,3.22,503,CE
2,3.22,503,CE
2,3.21,507,ME
2,3.21,508,ME
2,3.21,508,ME
2,3.21,508,CE
2,3.21,511,CHEM
2,3.21,512,ME
2,3.21,512,ME
2,3.21,512,ME
2,3.21,512,CE
2,3.2,516,CHEM
2,3.2,516,MSE
2,3.19,518,CHEM
2,3.19,519,ME
2,3.19,520,ME
2,3.19,520,CE
2,3.18,522,ME
2,3.18,522,ME
2,3.18,522,MSE
2,3.18,522,MSE
2,3.18,522,MSE
2,3.17,527,ME
2,3.17,527,ME
2,3.17,527,MSE
2,3.16,530,ME
2,3.16,530,ME
2,3.16,532,ME
2,3.16,533,ME
2,3.16,533,ME
2,3.16,533,CHEM
2,3.15,536,CE
2,3.15,537,ME
2,3.14,538,ME
2,3.14,539,ME
2,3.14,539,ME
2,3.14,539,ME
2,3.14,539,ME
2,3.14,539,CE
2,3.14,539,CHEM
2,3.14,539,CHEM
2,3.14,539,MSE
2,3.13,547,ME
2,3.13,548,CSE
2,3.13,548,CE
2,3.13,548,CE
2,3.11,551,ME
2,3.11,551,CE
2,3.1,553,ME
2,3.1,553,ME
2,3.1,553,CE
2,3.09,556,ME
2,3.09,556,ME
2,3.09,556,ME
2,3.09,559,ME
2,3.09,559,ME
2,3.09,559,ME
2,3.09,562,CE
2,3.08,563,ME
2,3.08,563,ME
2,3.08,563,CE
2,3.07,566,CE
2,3.07,566,CE
2,3.07,566,CHEM
2,3.07,566,MSE
2,3.06,570,CSE
2,3.06,570,ME
2,3.06,570,ME
2,3.06,570,CE
2,3.05,574,ME
2,3.05,574,CE
2,3.05,574,MSE
2,3.04,577,ME
2,3.04,577,CHEM
2,3.04,577,MSE
2,3.04,580,ME
2,3.04,580,ME
2,3.04,580,CHEM
2,3.03,583,ME
2,3.03,583,CHEM
2,3.03,583,CHEM
2,3.02,586,ME
2,3.01,587,CE
2,3.01,587,CE
2,3.01,589,ME
2,2.99,590,CE
2,2.99,590,CHEM
2,2.99,590,CHEM
2,2.99,593,CHEM
2,2.98,594,CHEM
2,2.97,595,CE
2,2.97,595,CE
2,2.97,595,CHEM
2,2.97,595,CHEM
2,2.97,595,CHEM
2,2.97,595,MSE
2,2.97,595,MSE
2,2.97,602,CHEM
2,2.96,603,CE
2,2.96,604,EE
2,2.96,604,CE
2,2.95,606,CE
2,2.95,606,CHEM
2,2.94,608,CE
2,2.93,609,CHEM
2,2.93,609,CHEM
2,2.92,611,CHEM
2,2.92,611,CHEM
2,2.91,613,CE
2,2.91,614,MSE
2,2.89,615,CE
2,2.89,615,CHEM
2,2.89,617,CE
2,2.89,617,CHEM
2,2.89,617,MSE
2,2.88,620,CHEM
2,2.86,621,CE
2,2.86,621,CHEM
2,2.86,621,CHEM
2,2.86,624,MSE
2,2.85,625,CE
2,2.85,625,MSE
2,2.85,627,MSE
2,2.84,628,CHEM
2,2.83,629,CE
2,2.83,629,CHEM
2,2.82,631,CHEM
2,2.81,632,CE
2,2.81,633,CE
2,2.81,633,CHEM
2,2.8,635,CHEM
2,2.79,636,CE
2,2.79,636,CHEM
2,2.79,636,CHEM
2,2.78,639,CE
2,2.78,639,CHEM
2,2.77,641,CHEM
2,2.75,642,CHEM
2,2.75,642,CHEM
2,2.75,642,MSE
2,2.74,645,MSE
2,2.74,646,CHEM
2,2.74,646,CHEM
2,2.73,648,CHEM
2,2.73,648,CHEM
2,2.72,650,CHEM
2,2.71,651,CE
2,2.71,652,CHEM
2,2.71,653,CE
2,2.7,654,CE
2,2.7,654,MSE
2,2.69,656,CHEM
2,2.69,657,CE
2,2.69,657,CHEM
2,2.69,657,MSE
2,2.65,660,MSE
2,2.64,661,CE
2,2.64,661,CE
2,2.64,661,CE
2,2.64,661,MSE
2,2.63,665,CE
2,2.6,666,MSE
2,2.6,667,CE
2,2.59,668,CE
2,2.58,669,CE
2,2.58,669,CE
2,2.58,669,MSE
2,2.57,672,CHEM
2,2.57,672,MSE
2,2.56,674,CE
2,2.56,674,CE
2,2.56,676,CE
2,2.56,677,ME
2,2.54,678,CHEM
2,2.54,679,CE
2,2.54,679,MSE
2,2.51,681,CE
2,2.51,681,CE
2,2.51,683,CE
2,2.51,684,MSE
2,2.49,685,MSE
2,2.48,686,CE
2,2.48,686,MSE
2,2.47,688,MSE
2,2.46,689,CHEM
2,2.45,690,MSE
2,2.45,691,CE
2,2.34,692,CE
2,2.29,693,CE
2,2.29,694,CE
2,2.29,694,MSE
2,2.27,696,CE
2,2.26,697,CE
2,2.25,698,CE
2,2.24,699,CE
2,2.22,700,CE
2,2.21,701,CE
2,2.21,701,CE
2,2.2,703,CE
2,2.17,704,CE
2,2.17,704,CE
2,2.14,706,CE
2,2.12,707,CE
2,2.11,708,CE
2,2.09,709,CE
2,2.08,710,MSE
2,2.06,711,CE
2,2.06,711,MSE
2,2.05,713,MSE
2,2.01,714,CE
2,2.01,714,CE
2,1.99,716,MSE
2,1.98,717,CE
2,1.95,718,CE
2,1.89,719,CE
2,1.82,720,CE
2,1.8,721,CE
2,1.79,722,CE
2,1.71,723,CE
2,1.65,724,CE
2,1.61,725,CE
2,1.55,726,CE
2,1.46,727,CE
2,1.46,727,CE
2,1.46,729,CE
2,1.45,730,CE
2,1.2,731,CE
2,1.08,732,CE
2,1.04,733,CE
2,1.04,733,CE
2,0.81,735,CE
2,0.61,736,CE
2,0.33,737,CE
3,1,4,CSE
3,1,4,CSE
3,1,4,CSE
3,1,4,CSE
3,1,4,CSE
3,1,4,CSE
3,1,4,CSE
3,1,4,CSE
3,1,4,CSE
3,1,4,BME
3,1,4,ENTC
3,1,4,ENTC
3,1,4,ENTC
3,1,4,ENTC
3,1,4,ENTC
3,1,4,ENTC
3,1,4,ENTC
3,1,4,ENTC
3,1,4,ENTC
3,1,4,ENTC
3,1,4,ENTC
3,1,4,ENTC
3,1,4,ENTC
3,1,4,ENTC
3,1,4,ENTC
3,1,4,ENTC
3,1,4,ENTC
3,1,4,ENTC
3,1,4,ENTC
3,28,3.96,CSE
3,28,3.96,CSE
3,28,3.96,CSE
3,28,3.96,CSE
3,28,3.96,CSE
3,28,3.96,CSE
3,28,3.96,CSE
3,28,3.96,CHEM
3,28,3.96,BME
3,28,3.96,ENTC
3,28,3.96,ENTC
3,28,3.96,ENTC
3,28,3.96,ENTC
3,28,3.96,ENTC
3,28,3.96,ENTC
3,28,3.96,ENTC
3,28,3.96,ENTC
3,28,3.96,ENTC
3,28,3.96,ENTC
3,28,3.96,ENTC
3,48,3.94,ME
3,48,3.94,CSE
3,48,3.94,CSE
3,48,3.94,CSE
3,48,3.94,CSE
3,48,3.94,CSE
3,48,3.94,ENTC
3,48,3.94,ENTC
3,48,3.94,ENTC
3,48,3.94,ENTC
3,48,3.94,ENTC
3,48,3.94,ENTC
3,48,3.94,ENTC
3,48,3.94,ENTC
3,48,3.94,ENTC
3,48,3.94,ENTC
3,48,3.94,ENTC
3,48,3.94,ENTC
3,66,3.91,CSE
3,66,3.91,CSE
3,66,3.91,CSE
3,66,3.91,ENTC
3,66,3.91,ENTC
3,66,3.91,ENTC
3,66,3.91,ENTC
3,73,3.9,CSE
3,73,3.9,CSE
3,73,3.9,ENTC
3,76,3.89,CSE
3,76,3.89,CSE
3,76,3.89,CSE
3,76,3.89,CSE
3,76,3.89,ENTC
3,76,3.89,ENTC
3,76,3.89,ENTC
3,76,3.89,ENTC
3,76,3.89,ENTC
3,76,3.89,ENTC
3,76,3.89,ENTC
3,87,3.87,CSE
3,87,3.87,CSE
3,87,3.87,ENTC
3,87,3.87,ENTC
3,87,3.87,ENTC
3,87,3.87,ENTC
3,87,3.87,ENTC
3,94,3.86,ME
3,94,3.86,CSE
3,94,3.86,CSE
3,94,3.86,ENTC
3,98,3.85,CSE
3,98,3.85,CSE
3,98,3.85,CSE
3,98,3.85,CSE
3,98,3.85,CSE
3,98,3.85,CSE
3,98,3.85,CSE
3,98,3.85,CSE
3,98,3.85,CSE
3,98,3.85,CSE
3,98,3.85,BME
3,98,3.85,ENTC
3,98,3.85,ENTC
3,98,3.85,ENTC
3,98,3.85,ENTC
3,98,3.85,ENTC
3,98,3.85,ENTC
3,98,3.85,ENTC
3,98,3.85,ENTC
3,98,3.85,ENTC
3,118,3.84,CSE
3,118,3.84,CSE
3,118,3.84,CSE
3,118,3.84,CSE
3,118,3.84,CSE
3,118,3.84,BME
3,118,3.84,ENTC
3,118,3.84,ENTC
3,118,3.84,ENTC
3,127,3.83,EE
3,127,3.83,ME
3,129,3.81,EE
3,129,3.81,CSE
3,129,3.81,CSE
3,129,3.81,CSE
3,129,3.81,CSE
3,129,3.81,CSE
3,129,3.81,BME
3,129,3.81,ENTC
3,129,3.81,ENTC
3,129,3.81,ENTC
3,129,3.81,ENTC
3,142,3.8,CSE
3,142,3.8,ENTC
3,144,3.79,CSE
3,144,3.79,CSE
3,144,3.79,CSE
3,144,3.79,CSE
3,144,3.79,CSE
3,144,3.79,CSE
3,144,3.79,CSE
3,144,3.79,CSE
3,144,3.79,CSE
3,144,3.79,CSE
3,144,3.79,BME
3,144,3.79,ENTC
3,144,3.79,ENTC
3,144,3.79,ENTC
3,158,3.77,ME
3,158,3.77,ENTC
3,158,3.77,ENTC
3,161,3.76,CSE
3,161,3.76,CSE
3,161,3.76,CSE
3,161,3.76,CSE
3,161,3.76,ENTC
3,161,3.76,ENTC
3,161,3.76,ENTC
3,161,3.76,ENTC
3,161,3.76,ENTC
3,170,3.75,CSE
3,170,3.75,CSE
3,170,3.75,ENTC
3,170,3.75,ENTC
3,174,3.74,CSE
3,174,3.74,ENTC
3,174,3.74,ENTC
3,177,3.73,CSE
3,177,3.73,CSE
3,177,3.73,CSE
3,177,3.73,ENTC
3,177,3.73,ENTC
3,182,3.72,CSE
3,182,3.72,CSE
3,182,3.72,CSE
3,182,3.72,CSE
3,182,3.72,ENTC
3,187,3.71,CSE
3,187,3.71,CSE
3,187,3.71,CSE
3,187,3.71,CSE
3,187,3.71,CSE
3,187,3.71,CSE
3,187,3.71,CSE
3,187,3.71,CSE
3,187,3.71,ENTC
3,196,3.7,EE
3,196,3.7,CSE
3,196,3.7,CSE
3,196,3.7,CSE
3,196,3.7,CSE
3,196,3.7,BME
3,196,3.7,ENTC
3,196,3.7,ENTC
3,196,3.7,ENTC
3,205,3.69,CSE
3,205,3.69,CSE
3,205,3.69,CSE
3,205,3.69,CSE
3,205,3.69,CSE
3,205,3.69,CSE
3,205,3.69,CSE
3,205,3.69,CSE
3,205,3.69,CSE
3,205,3.69,ENTC
3,215,3.68,EE
3,215,3.68,CSE
3,215,3.68,BME
3,218,3.67,CSE
3,219,3.66,CSE
3,219,3.66,CSE
3,219,3.66,CSE
3,219,3.66,CSE
3,219,3.66,CSE
3,219,3.66,CSE
3,219,3.66,CSE
3,219,3.66,CSE
3,219,3.66,CSE
3,219,3.66,CSE
3,229,3.65,CSE
3,229,3.65,CSE
3,229,3.65,CSE
3,229,3.65,CSE
3,233,3.64,EE
3,233,3.64,CE
3,233,3.64,ME
3,233,3.64,CSE
3,233,3.64,CSE
3,233,3.64,CSE
3,233,3.64,CSE
3,233,3.64,BME
3,233,3.64,BME
3,233,3.64,BME
3,243,3.62,CSE
3,244,3.61,CSE
3,244,3.61,CSE
3,244,3.61,CSE
3,244,3.61,CSE
3,244,3.61,CSE
3,244,3.61,CSE
3,244,3.61,CHEM
3,251,3.6,EE
3,251,3.6,MSE
3,251,3.6,ME
3,251,3.6,CSE
3,251,3.6,CSE
3,251,3.6,CSE
3,251,3.6,CSE
3,251,3.6,CSE
3,251,3.6,CSE
3,251,3.6,BME
3,261,3.59,CSE
3,261,3.59,CSE
3,261,3.59,CSE
3,261,3.59,CSE
3,261,3.59,CSE
3,261,3.59,CSE
3,261,3.59,BME
3,268,3.58,CSE
3,268,3.58,CSE
3,268,3.58,CSE
3,268,3.58,CSE
3,272,3.57,CSE
3,272,3.57,CSE
3,272,3.57,CSE
3,275,3.56,EE
3,275,3.56,ME
3,275,3.56,ME
3,275,3.56,CSE
3,275,3.56,CSE
3,275,3.56,CSE
3,275,3.56,CSE
3,275,3.56,CSE
3,275,3.56,CSE
3,275,3.56,CSE
3,275,3.56,CSE
3,286,3.55,ME
3,286,3.55,CSE
3,288,3.54,CSE
3,288,3.54,CSE
3,288,3.54,CSE
3,288,3.54,CSE
3,288,3.54,CSE
3,288,3.54,CSE
3,288,3.54,CSE
3,288,3.54,CSE
3,288,3.54,CSE
3,288,3.54,CHEM
3,288,3.54,BME
3,299,3.53,MSE
3,300,3.52,ME
3,300,3.52,CSE
3,300,3.52,CSE
3,300,3.52,CSE
3,300,3.52,BME
3,305,3.51,EE
3,305,3.51,EE
3,305,3.51,EE
3,305,3.51,ME
3,305,3.51,ME
3,305,3.51,CSE
3,305,3.51,CSE
3,305,3.51,CSE
3,305,3.51,CSE
3,305,3.51,CHEM
3,315,3.5,EE
3,315,3.5,EE
3,315,3.5,EE
3,315,3.5,ME
3,315,3.5,CSE
3,315,3.5,CSE
3,315,3.5,CSE
3,315,3.5,CSE
3,315,3.5,CSE
3,315,3.5,CSE
3,315,3.5,CSE
3,315,3.5,CSE
3,315,3.5,CHEM
3,328,3.49,EE
3,328,3.49,EE
3,328,3.49,EE
3,328,3.49,EE
3,328,3.49,CSE
3,328,3.49,CSE
3,328,3.49,CSE
3,328,3.49,CSE
3,328,3.49,CSE
3,328,3.49,CSE
3,328,3.49,CHEM
3,339,3.48,EE
3,339,3.48,CSE
3,339,3.48,CSE
3,339,3.48,CSE
3,339,3.48,CSE
3,344,3.47,CSE
3,344,3.47,CSE
3,346,3.46,EE
3,346,3.46,EE
3,346,3.46,EE
3,346,3.46,EE
3,346,3.46,CSE
3,346,3.46,CSE
3,346,3.46,CSE
3,346,3.46,CSE
3,346,3.46,CSE
3,346,3.46,CSE
3,356,3.45,EE
3,356,3.45,CSE
3,356,3.45,CSE
3,356,3.45,CSE
3,356,3.45,CHEM
3,361,3.44,EE
3,361,3.44,EE
3,361,3.44,EE
3,361,3.44,EE
3,361,3.44,EE
3,361,3.44,EE
3,361,3.44,EE
3,361,3.44,EE
3,361,3.44,EE
3,361,3.44,EE
3,361,3.44,MSE
3,361,3.44,ME
3,361,3.44,ME
3,361,3.44,ME
3,375,3.43,EE
3,375,3.43,EE
3,375,3.43,EE
3,375,3.43,ME
3,375,3.43,ME
3,380,3.42,EE
3,380,3.42,EE
3,382,3.41,EE
3,382,3.41,EE
3,382,3.41,EE
3,382,3.41,EE
3,382,3.41,EE
3,382,3.41,EE
3,382,3.41,EE
3,382,3.41,EE
3,382,3.41,EE
3,382,3.41,EE
3,382,3.41,ME
3,393,3.4,EE
3,393,3.4,EE
3,395,3.39,EE
3,395,3.39,EE
3,395,3.39,EE
3,395,3.39,EE
3,395,3.39,EE
3,395,3.39,EE
3,395,3.39,ME
3,402,3.38,EE
3,403,3.37,EE
3,403,3.37,EE
3,403,3.37,MSE
3,403,3.37,ME
3,403,3.37,ME
3,408,3.36,EE
3,408,3.36,EE
3,408,3.36,EE
3,408,3.36,EE
3,408,3.36,EE
3,408,3.36,EE
3,408,3.36,EE
3,408,3.36,EE
3,416,3.35,EE
3,416,3.35,EE
3,416,3.35,EE
3,416,3.35,EE
3,416,3.35,EE
3,416,3.35,MSE
3,416,3.35,MSE
3,416,3.35,ME
3,416,3.35,ME
3,425,3.34,EE
3,425,3.34,EE
3,425,3.34,EE
3,425,3.34,EE
3,425,3.34,EE
3,425,3.34,EE
3,425,3.34,EE
3,425,3.34,ME
3,425,3.34,CHEM
3,434,3.33,EE
3,434,3.33,EE
3,434,3.33,EE
3,434,3.33,EE
3,438,3.32,EE
3,438,3.32,EE
3,438,3.32,ME
3,438,3.32,ME
3,442,3.31,EE
3,442,3.31,EE
3,442,3.31,EE
3,442,3.31,EE
3,442,3.31,EE
3,442,3.31,CE
3,442,3.31,ME
3,442,3.31,ME
3,442,3.31,ME
3,442,3.31,CHEM
3,442,3.31,CHEM
3,442,3.31,CHEM
3,454,3.29,MSE
3,454,3.29,CE
3,454,3.29,CE
3,454,3.29,ME
3,454,3.29,ME
3,454,3.29,ME
3,454,3.29,ME
3,454,3.29,CHEM
3,454,3.29,CHEM
3,463,3.28,MSE
3,463,3.28,CHEM
3,465,3.26,CE
3,465,3.26,CE
3,465,3.26,ME
3,465,3.26,ME
3,465,3.26,ME
3,465,3.26,ME
3,471,3.25,CE
3,471,3.25,ME
3,471,3.25,ME
3,471,3.25,ME
3,471,3.25,ME
3,476,3.24,MSE
3,476,3.24,ME
3,478,3.23,CE
3,478,3.23,CE
3,480,3.22,CHEM
3,481,3.21,MSE
3,481,3.21,CE
3,481,3.21,CE
3,481,3.21,ME
3,481,3.21,ME
3,481,3.21,ME
3,481,3.21,ME
3,481,3.21,ME
3,481,3.21,CHEM
3,481,3.21,CHEM
3,491,3.2,CE
3,491,3.2,ME
3,491,3.2,ME
3,491,3.2,CHEM
3,495,3.19,MSE
3,495,3.19,ME
3,495,3.19,ME
3,495,3.19,ME
3,495,3.19,CHEM
3,495,3.19,CHEM
3,501,3.18,CHEM
3,502,3.17,CE
3,502,3.17,CE
3,502,3.17,ME
3,502,3.17,ME
3,502,3.17,ME
3,507,3.16,CE
3,507,3.16,ME
3,507,3.16,ME
3,507,3.16,ME
3,507,3.16,ME
3,507,3.16,ME
3,507,3.16,CHEM
3,507,3.16,CHEM
3,507,3.16,CHEM
3,516,3.15,ME
3,517,3.14,MSE
3,517,3.14,CE
3,517,3.14,CE
3,517,3.14,CE
3,517,3.14,ME
3,517,3.14,ME
3,517,3.14,ME
3,517,3.14,ME
3,517,3.14,ME
3,517,3.14,ME
3,517,3.14,CHEM
3,517,3.14,CHEM
3,517,3.14,CHEM
3,530,3.13,CE
3,530,3.13,ME
3,530,3.13,ME
3,533,3.12,ME
3,533,3.12,ME
3,533,3.12,ME
3,533,3.12,ME
3,533,3.12,ME
3,533,3.12,ME
3,533,3.12,ME
3,540,3.11,ME
3,540,3.11,ME
3,540,3.11,CHEM
3,540,3.11,CHEM
3,544,3.1,MSE
3,545,3.09,CE
3,545,3.09,ME
3,545,3.09,ME
3,548,3.08,ME
3,549,3.07,MSE
3,549,3.07,ME
3,551,3.06,MSE
3,551,3.06,CE
3,551,3.06,ME
3,551,3.06,ME
3,551,3.06,CHEM
3,551,3.06,CHEM
3,557,3.04,CE
3,557,3.04,CE
3,557,3.04,ME
3,557,3.04,ME
3,557,3.04,ME
3,557,3.04,ME
3,557,3.04,ME
3,557,3.04,CHEM
3,557,3.04,CHEM
3,557,3.04,CHEM
3,567,3.03,ME
3,568,3.02,CE
3,568,3.02,ME
3,568,3.02,ME
3,568,3.02,CHEM
3,572,3.01,CE
3,572,3.01,ME
3,572,3.01,CHEM
3,572,3.01,CHEM
3,576,3,ME
3,577,2.99,ME
3,578,2.96,CE
3,579,2.95,CHEM
3,580,2.94,MSE
3,580,2.94,CE
3,580,2.94,ME
3,580,2.94,ME
3,584,2.93,CE
3,584,2.93,CHEM
3,584,2.93,CHEM
3,587,2.92,CE
3,587,2.92,CE
3,587,2.92,ME
3,590,2.91,CE
3,590,2.91,CE
3,590,2.91,CE
3,590,2.91,CHEM
3,590,2.91,CHEM
3,590,2.91,CHEM
3,596,2.9,CE
3,597,2.89,CE
3,597,2.89,CHEM
3,597,2.89,CHEM
3,600,2.88,CHEM
3,601,2.87,CHEM
3,601,2.87,CHEM
3,603,2.86,CE
3,604,2.85,CE
3,604,2.85,CHEM
3,604,2.85,CHEM
3,607,2.84,CE
3,607,2.84,CHEM
3,607,2.84,CHEM
3,607,2.84,CHEM
3,607,2.84,CHEM
3,612,2.83,CE
3,612,2.83,CE
3,612,2.83,CHEM
3,615,2.81,CE
3,616,2.8,CE
3,617,2.79,MSE
3,617,2.79,CE
3,617,2.79,CHEM
3,617,2.79,CHEM
3,617,2.79,CHEM
3,617,2.79,CHEM
3,623,2.78,CHEM
3,623,2.78,CHEM
3,625,2.77,MSE
3,626,2.75,MSE
3,626,2.75,CE
3,626,2.75,CE
3,626,2.75,CHEM
3,630,2.74,CE
3,630,2.74,CHEM
3,630,2.74,CHEM
3,630,2.74,CHEM
3,634,2.73,CE
3,634,2.73,CHEM
3,634,2.73,CHEM
3,637,2.71,CE
3,637,2.71,CHEM
3,639,2.7,MSE
3,639,2.7,CE
3,639,2.7,CHEM
3,639,2.7,CHEM
3,639,2.7,CHEM
3,644,2.69,CHEM
3,645,2.67,CHEM
3,646,2.66,CE
3,646,2.66,CHEM
3,646,2.66,CHEM
3,649,2.65,CE
3,649,2.65,CHEM
3,649,2.65,CHEM
3,652,2.64,MSE
3,652,2.64,CE
3,652,2.64,CHEM
3,655,2.63,CE
3,656,2.62,CE
3,657,2.61,MSE
3,657,2.61,MSE
3,657,2.61,CE
3,657,2.61,CE
3,657,2.61,CE
3,657,2.61,CE
3,657,2.61,CE
3,664,2.6,MSE
3,664,2.6,MSE
3,666,2.59,CE
3,667,2.58,MSE
3,668,2.57,CE
3,669,2.56,MSE
3,669,2.56,CE
3,669,2.56,CE
3,669,2.56,CE
3,673,2.55,CE
3,674,2.54,MSE
3,674,2.54,MSE
3,674,2.54,MSE
3,674,2.54,MSE
3,674,2.54,CE
3,679,2.53,MSE
3,679,2.53,CE
3,681,2.49,CE
3,681,2.49,CE
3,683,2.46,MSE
3,684,2.44,CE
3,684,2.44,CE
3,686,2.43,CE
3,687,2.41,CE
3,688,2.38,CE
3,689,2.37,CE
3,690,2.36,MSE
3,690,2.36,MSE
3,690,2.36,CE
3,690,2.36,CE
3,694,2.35,CE
3,695,2.33,MSE
3,696,2.31,MSE
3,696,2.31,MSE
3,696,2.31,CE
3,699,2.3,CE
3,700,2.29,CE
3,700,2.29,CE
3,702,2.28,CE
3,703,2.27,CE
3,704,2.21,MSE
3,705,2.16,MSE
3,706,2.15,CE
3,707,2.14,MSE
3,708,2.12,CE
3,709,2.06,CE
3,710,1.96,CE
3,710,1.96,CE
3,712,1.92,MSE
3,713,1.89,MSE
3,714,1.86,MSE
3,715,1.84,MSE
3,715,1.84,CE
3,717,1.79,CE
3,718,1.7,CE
3,719,1.56,CE
3,720,1.54,CE
3,721,1.43,CE
3,722,1.22,CE
3,723,1.21,CE
3,724,0.98,CE
3,725,0.82,CE
3,726,0.47,CE
3,727,0,CE
3,727,0,CE
3,727,0,CE
3,727,0,CE
3,727,0,CE
3,727,0,CE
3,727,0,CE
3,727,0,CE
3,727,0,CE
3,727,0,CE
3,727,0,CE
3,727,0,CE
